t,x,y,dx/dtime,dy/dtime
0,1,1,1,-1.0
0.1,1.1,0.9,0.9,-1.1945000000000001
0.2,1.1900000000000002,0.78055,0.78055,-1.3523934275000002
0.3,1.2680550000000002,0.6453106572499999,0.6453106572499999,-1.4642176574074313
0.4,1.3325860657250002,0.49888889150925675,0.49888889150925675,-1.5261014803699948
0.5,1.3824749548759259,0.3462787434722573,0.3462787434722573,-1.5402459567074007
0.6,1.4171028292231516,0.1922541478015172,0.1922541478015172,-1.5140162637877383
0.7,1.4363282440033034,0.04085252142274334,0.04085252142274334,-1.458042152179292
0.8,1.4404134961455777,-0.10495169379518585,-0.10495169379518585,-1.384012926090018
0.9,1.4299183267660591,-0.24335298640418765,-0.24335298640418765,-1.3028069800658522
1.0,1.4055830281256403,-0.3736336844107729,-0.3736336844107729,-1.2233126261733116
1.1,1.368219659684563,-0.49596494702810406,-0.49596494702810406,-1.1519727340065822
1.2,1.3186231649817526,-0.6111622204287623,-0.6111622204287623,-1.0928699092781557
1.3,1.2575069429388763,-0.7204492113565779,-0.7204492113565779,-1.0480998381781284
1.4,1.1854620218032186,-0.8252591951743907,-0.8252591951743907,-1.0182149086632593
1.5,1.1029361022857795,-0.9270806860407167,-0.9270806860407167,-1.0025944301173053
1.6,1.0102280336817078,-1.0273401290524473,-1.0273401290524473,-0.9996666278407021
1.7,0.907494020776463,-1.1273067918365176,-1.1273067918365176,-1.0069532565628816
1.8,0.7947633415928113,-1.2280021174928057,-1.2280021174928057,-1.0209313873315322
1.9,0.6719631298435307,-1.330095256225959,-1.330095256225959,-1.0367188443898523
2.0,0.5389536042209347,-1.4337671406649442,-1.4337671406649442,-1.0476032959544466
2.1,0.3955768901544403,-1.5385274702603888,-1.5385274702603888,-1.044465408265022
2.2,0.2417241431284014,-1.6429740110868911,-1.6429740110868911,-1.0152112017788304
2.3,0.07742674201971228,-1.744495131264774,-1.744495131264774,-0.9444452703896213
2.4,-0.09702277110676513,-1.8389396583037363,-1.8389396583037363,-0.813791704100791
2.5,-0.2809167369371388,-1.9203188287138153,-1.9203188287138153,-0.6034724527934847
2.6,-0.4729486198085203,-1.9806660739931639,-1.9806660739931639,-0.29586633033146115
2.7,-0.6710152272078367,-2.01025270702631,-2.01025270702631,0.1184585081293591
2.8,-0.8720404979104677,-1.9984068562133739,-1.9984068562133739,0.6326859430153225
2.9,-1.0718811835318052,-1.9351382619118416,-1.9351382619118416,1.2159805494369493
3.0,-1.2653950097229894,-1.8135402069681466,-1.8135402069681466,1.8105674395811902
3.1,-1.446749030419804,-1.6324834630100276,-1.6324834630100276,2.338968792688608
3.2,-1.609997376720807,-1.3985865837411668,-1.3985865837411668,2.7233363198110085
3.3,-1.7498560350949235,-1.126252951760066,-1.126252951760066,2.9110206566950296
3.4,-1.86248133027093,-0.835150886090563,-0.835150886090563,2.893406911421549
3.5,-1.9459964188799863,-0.545810194948408,-0.545810194948408,2.706556197841317
3.6,-2.000577438374827,-0.27515457516427627,-0.27515457516427627,2.413627116615753
3.7,-2.0280928958912545,-0.03379186350270097,-0.03379186350270097,2.0806926482038186
3.8,-2.0314720822415246,0.1742774013176809,0.1742774013176809,1.7589999246683237
3.9,-2.0140443421097567,0.3501773937845133,0.3501773937845133,1.478907694082845
4.0,-1.9790266027313053,0.4980681631927978,0.4980681631927978,1.252707174892389
4.1,-1.9292197864120255,0.6233388806820367,0.6233388806820367,1.0808901700099538
4.2,-1.866885898343822,0.7314278976830321,0.7314278976830321,0.9579905682707166
4.3,-1.7937431085755187,0.8272269545101038,0.8272269545101038,0.8765492917262717
4.4,-1.7110204131245084,0.9148818836827309,0.9148818836827309,0.8292614373270448
4.5,-1.6195322247562354,0.9978080274154354,0.9978080274154354,0.8098685705494686
4.6,-1.519751422014692,1.0787948844703823,1.0787948844703823,0.8133325906613743
4.7,-1.4118719335676537,1.1601281435365198,1.1601281435365198,0.8356465188617779
4.8,-1.2958591192140017,1.2436927954226977,1.2436927954226977,0.8734694207394272
4.9,-1.171489839671732,1.3310397374966405,1.3310397374966405,0.9236579309952481
5.0,-1.038385865922068,1.4234055305961653,1.4234055305961653,0.9826985360514455
5.1,-0.8960453128624514,1.5216753842013098,1.5216753842013098,1.0460085502646603
5.2,-0.7438777744423204,1.6262762392277759,1.6262762392277759,1.1070625464851631
5.3,-0.5812501505195428,1.736982493876292,1.736982493876292,1.1563201206943408
5.4,-0.40755190113191353,1.8526145059457262,1.8526145059457262,1.1800008605712151
5.5,-0.2222904505373409,1.9706145920028477,1.9706145920028477,1.15891071337371
5.6,-0.02522899133705611,2.0865056633402186,2.0865056633402186,1.0678177904892483
5.7,0.18342157499696576,2.1932874423891433,2.1932874423891433,0.8763272414851141
5.8,0.4027503192358801,2.280920166537655,2.280920166537655,0.552718220534208
5.9,0.6308423358896456,2.3361919885910756,2.3361919885910756,0.07239577870616487
6.0,0.8644615347487531,2.343431566461692,2.343431566461692,-0.5683616273145959
6.1,1.0988046913949223,2.2865954037302325,2.2865954037302325,-1.3358923364090132
6.2,1.3274642317679457,2.153006170089331,2.153006170089331,-2.147933208119499
6.3,1.5427648487768788,1.9382128492773811,1.9382128492773811,-2.880251281793075
6.4,1.736586133704617,1.6501877210980735,1.6501877210980735,-3.3997537361750085
6.5,1.9016049058144242,1.3102123474805727,1.3102123474805727,-3.6154289647361404
6.6,2.0326261405624813,0.9486694510069587,0.9486694510069587,-3.5180380755210416
6.7,2.1274930856631773,0.5968656434548545,0.5968656434548545,-3.17983490845514
6.8,2.187179650008663,0.27888215260934046,0.27888215260934046,-2.71479049477934
6.9,2.2150678652695968,0.007403103131406463,0.007403103131406463,-2.2295280713974854
7.0,2.2158081755827372,-0.21554970400834209,-0.21554970400834209,-1.7944294264729042
7.1,2.194253205181903,-0.3949926466556325,-0.3949926466556325,-1.440854672887475
7.2,2.1547539405163394,-0.53907811394438,-0.53907811394438,-1.172832712697447
7.3,2.1008461291219014,-0.6563613852141247,-0.6563613852141247,-0.9805834627626471
7.4,2.035209990600489,-0.7544197314903894,-0.7544197314903894,-0.8499865265998658
7.5,1.9597680174514498,-0.8394183841503761,-0.8394183841503761,-0.7675040262790342
7.6,1.8758261790364121,-0.9161687867782795,-0.9161687867782795,-0.722038090281147
7.7,1.7842093003585842,-0.9883725958063942,-0.9883725958063942,-0.7052015402118712
7.8,1.6853720407779447,-1.0588927498275813,-1.0588927498275813,-0.7109371506833033
7.9,1.5794827657951864,-1.1299864648959117,-1.1299864648959117,-0.7349502004947155
8.0,1.4664841193055953,-1.2034814849453832,-1.2034814849453832,-0.7741358600596892
8.1,1.346135970811057,-1.280895070951352,-1.280895070951352,-0.8260400220603538
8.2,1.2180464637159218,-1.3634990731573875,-1.3634990731573875,-0.8883270350809136
8.3,1.081696556400183,-1.4523317766654789,-1.4523317766654789,-0.9581993826631484
8.4,0.9364633787336352,-1.5481517149317936,-1.5481517149317936,-1.0317028393436898
8.5,0.7816482072404558,-1.6513219988661625,-1.6513219988661625,-1.1028518693560372
8.6,0.6165160073538396,-1.7616071858017661,-1.7616071858017661,-1.1625332121873297
8.7,0.440355288773663,-1.877860507020499,-1.877860507020499,-1.1972149662701306
8.8,0.2525692380716131,-1.997582003647512,-1.997582003647512,-1.1876461433439585
8.9,0.05281103770686185,-2.116346617981908,-2.116346617981908,-1.1080330953035626
9.0,-0.15882362409132894,-2.227149927512264,-2.227149927512264,-0.9266614740436425
9.1,-0.38153861684255536,-2.3198160749166283,-2.3198160749166283,-0.6095196170359016
9.2,-0.6135202243342182,-2.3807680366202186,-2.3807680366202186,-0.12879483862676033
9.3,-0.85159702799624,-2.3936475204828946,-2.3936475204828946,0.5227308008141893
9.4,-1.0909617800445295,-2.341374440401476,-2.341374440401476,1.3136236861371495
9.5,-1.325099224084677,-2.210012071787761,-2.210012071787761,2.1603599753492944
9.6,-1.5461004312634532,-1.9939760742528314,-1.9939760742528314,2.9323390616888614
9.7,-1.7454980386887364,-1.7007421680839452,-1.7007421680839452,3.4860064525315995
9.8,-1.915572255497131,-1.3521415228307851,-1.3521415228307851,3.720287083863524
9.9,-2.0507864077802096,-0.9801128144444327,-0.9801128144444327,3.6217724300811307
10.0,-2.148797689224653,-0.6179355714363195,-0.6179355714363195,3.266436595836023
10.1,-2.210591246368285,-0.2912919118527172,-0.2912919118527172,2.776675372575477
10.2,-2.2397204375535567,-0.013624374595169464,-0.013624374595169464,2.267080549918516
10.3,-2.2410828750130736,0.21308368039668216,0.21308368039668216,1.81252338859455
10.4,-2.219774506973405,0.39433601925613715,0.39433601925613715,1.445417090374978
10.5,-2.1803409050477915,0.538877728293635,0.538877728293635,1.1688980005298741
10.6,-2.126453132218428,0.6557675283466224,0.6557675283466224,0.971711132977606
10.7,-2.0608763793837657,0.7529386416443831,0.7529386416443831,0.8384008898213757
10.8,-1.9855825152193274,0.8367787306265206,0.8367787306265206,0.7544559404751898
10.9,-1.9019046421566754,0.9122243246740396,0.9122243246740396,0.7081490681166851
11.0,-1.8106822096892714,0.983039231485708,0.983039231485708,0.6907203271503246
11.1,-1.7123782865407007,1.0521112642007404,1.0521112642007404,0.6959128695950203
11.2,-1.6071671601206265,1.1217025511602425,1.1217025511602425,0.7193472854369984
11.3,-1.4949969050046024,1.1936372797039423,1.1936372797039423,0.757916487297026
11.4,-1.375633177034208,1.2694289284336449,1.2694289284336449,0.8092351646651613
11.5,-1.2486902841908436,1.350352444900161,1.350352444900161,0.8711132233266996
11.6,-1.1136550397008276,1.437463767232831,1.437463767232831,0.9409958420247813
11.7,-0.9699086629775444,1.531563351435309,1.531563351435309,1.0153020454070967
11.8,-0.8167523278340135,1.6330935559760187,1.6330935559760187,1.0885935169169032
11.9,-0.6534429722364117,1.741952907667709,1.741952907667709,1.1525231776463647
12.0,-0.4792476814696408,1.8572052254323455,1.8572052254323455,1.1945703873973268
12.1,-0.29352715892640624,1.9766622641720781,1.9766622641720781,1.1967054665591799
12.2,-0.09586093250919842,2.096332810827996,2.096332810827996,1.13439540310702
12.3,0.11377234857360122,2.209772351138698,2.209772351138698,0.9768120175894967
12.4,0.33474958368747104,2.307453552897648,2.307453552897648,0.689693703969471
12.5,0.5654949389772359,2.376422923294595,2.376422923294595,0.24274488360887658
12.6,0.8031372313066953,2.4006974116554827,2.4006974116554827,-0.3770487457672725
12.7,1.0432069724722437,2.3629925370787555,2.3629925370787555,-1.1475103933864355
12.8,1.2795062261801193,2.248241497740112,2.248241497740112,-1.9957242291593367
12.9,1.5043303759541304,2.0486690748241783,2.0486690748241783,-2.798075017149569
13.0,1.7091972834365483,1.7688615731092212,1.7688615731092212,-3.408503110166433
13.1,1.8860834407474705,1.428011262092578,1.428011262092578,-3.712017713342391
13.2,2.0288845669567284,1.056809490758339,1.056809490758339,-3.6755906297872776
13.3,2.1345655160325623,0.6892504277796112,0.6892504277796112,-3.3601802680466983
13.4,2.2034905588105236,0.35323240097494135,0.35323240097494135,-2.8844114732069888
13.5,2.238813798908018,0.06479125365424249,0.06479125365424249,-2.3687943586106015
13.6,2.2452929242734423,-0.17208818220681768,-0.17208818220681768,-1.8975594699615232
13.7,2.2280841060527603,-0.36184412920297004,-0.36184412920297004,-1.510844130094688
13.8,2.1918996931324632,-0.5129285422124389,-0.5129285422124389,-1.216200797093466
13.9,2.140606838911219,-0.6345486219217855,-0.6345486219217855,-1.00406755133728
14.0,2.0771519767190405,-0.7349553770555135,-0.7349553770555135,-0.859125006552417
14.1,2.003656439013489,-0.8208678777107552,-0.8208678777107552,-0.7663462284658611
14.2,1.9215696512424134,-0.8975025005573414,-0.8975025005573414,-0.7133383563012756
14.3,1.8318194011866793,-0.9688363361874689,-0.9688363361874689,-0.6907422179973133
14.4,1.7349357675679324,-1.0379105579872,-1.0379105579872,-0.6918345578580873
14.5,1.6311447117692124,-1.1070940137730088,-1.1070940137730088,-0.7119062459283998
14.6,1.5204353103919115,-1.1782846383658487,-1.1782846383658487,-0.7476434659824829
14.7,1.4026068465553265,-1.2530489849640971,-1.2530489849640971,-0.7965659671298897
14.8,1.2773019480589167,-1.332705581677086,-1.332705581677086,-0.8564999830512938
14.9,1.1440313898912082,-1.4183555799822154,-1.4183555799822154,-0.9250317418224541
15.0,1.0021958318929867,-1.510858754164461,-1.510858754164461,-0.9988745976178112
15.1,0.8511099564765405,-1.610746213926242,-1.610746213926242,-1.0730803219730378
15.2,0.6900353350839163,-1.718054246123546,-1.718054246123546,-1.1400377555456633
15.3,0.5182299104715617,-1.8320580216781124,-1.8320580216781124,-1.1882481181563493
15.4,0.3350241083037505,-1.9508828334937474,-1.9508828334937474,-1.2009808556098327
15.5,0.13993582495437576,-2.0709809190547306,-2.0709809190547306,-1.1551492739516984
15.6,-0.06716226695109731,-2.1864958464499002,-2.1864958464499002,-1.0211542662276845
15.7,-0.28581185159608735,-2.288611273072669,-2.288611273072669,-0.765017271773552
15.8,-0.5146729789033543,-2.365113000250024,-2.365113000250024,-0.35463816956132266
15.9,-0.7511842789283567,-2.400576817206156,-2.400576817206156,0.22819199799429313
16.0,-0.9912419606489723,-2.377757617406727,-2.377757617406727,0.9705086567408945
16.1,-1.229017722389645,-2.2807067517326374,-2.2807067517326374,1.8111505159344925
16.2,-1.4570883975629088,-2.099591700139188,-2.099591700139188,2.6361210436570923
16.3,-1.6670475675768275,-1.835979595773479,-1.835979595773479,3.3001951075053766
16.4,-1.8506455271541755,-1.5059600850229413,-1.5059600850229413,3.6765384494457685
16.5,-2.0012415356564697,-1.1383062400783643,-1.1383062400783643,3.7115282686428532
16.6,-2.1150721596643063,-0.7671534132140789,-0.7671534132140789,3.4474374496486373
16.7,-2.191787500985714,-0.42240966824921516,-0.42240966824921516,2.9951964229987587
16.8,-2.2340284678106355,-0.12289002594933929,-0.12289002594933929,2.4792483375070846
16.9,-2.2463174704055695,0.1250348078013692,0.1250348078013692,1.9933756691141509
17.0,-2.2338139896254328,0.3243723747127843,0.3243723747127843,1.5867032757287058
17.1,-2.2013767521541543,0.4830427022856549,0.4830427022856549,1.272471239796874
17.2,-2.1530724819255886,0.6102898262653422,0.6102898262653422,1.0436506788999782
17.3,-2.0920434992990544,0.7146548941553401,0.7146548941553401,0.8854752033765416
17.4,-2.02057800988352,0.8032024144929943,0.8032024144929943,0.7825477138615147
17.5,-1.9402577684342208,0.8814571858791458,0.8814571858791458,0.7218194087354419
17.6,-1.8521120498463062,0.95363912675269,0.95363912675269,0.6932883838555564
17.7,-1.7567481371710372,1.0229679651382457,1.0229679651382457,0.6897086572313107
17.8,-1.6544513406572126,1.0919388308613769,1.0919388308613769,0.7059882281766426
17.9,-1.545257457571075,1.162537653679041,1.162537653679041,0.738560599628607
18.0,-1.4290036922031708,1.2363937136419016,1.2363937136419016,0.78481069790719
18.1,-1.3053643208389807,1.3148747834326207,1.3148747834326207,0.8425441689152188
18.2,-1.1738768424957187,1.3991292003241425,1.3991292003241425,0.9094506289617779
18.3,-1.0339639224633044,1.4900742632203203,1.4900742632203203,0.9824957196079537
18.4,-0.8849564961412724,1.5883238351811158,1.5883238351811158,1.0571720962448754
18.5,-0.7261241126231608,1.6940410448056034,1.6940410448056034,1.1265477902492351
18.6,-0.5567200081426005,1.8066958238305268,1.8066958238305268,1.180086827002253
18.7,-0.3760504257595478,1.9247045065307522,1.9247045065307522,1.2023126718580708
18.8,-0.18357997510647256,2.0449357737165594,2.0449357737165594,1.1715890508057973
18.9,0.020913602265183406,2.162094678797139,2.162094678797139,1.0596609099888963
19.0,0.23712307014489734,2.268060769796029,2.268060769796029,0.8331437909429457
19.1,0.46392914712450023,2.3513751488903236,2.3513751488903236,0.458714892575286
19.2,0.6990666620135326,2.3972466381478523,2.3972466381478523,-0.08620360448511244
19.3,0.9387913258283178,2.388626277699341,2.388626277699341,-0.7970611745958258
19.4,1.177653953598252,2.3089201602397584,2.3089201602397584,-1.6242785791851073
19.5,1.4085459696222278,2.146492302321248,2.146492302321248,-2.4646220589770573
19.6,1.6231951998543526,1.9000300964235421,1.9000300964235421,-3.1762443240977087
19.7,1.8131982094967067,1.5824056640137711,1.5824056640137711,-3.6232232336088943
19.8,1.9714387758980838,1.2200833406528817,1.2200833406528817,-3.7323672769874445
19.9,2.093447109963372,0.8468466129541372,0.8468466129541372,-3.525685252264288
20.0,2.1781317712587858,0.4942780877277084,0.4942780877277084,-3.103484116563009
20.1,2.2275595800315564,0.18392967607140753,0.18392967607140753,-2.5919262623649257
20.2,2.245952547638697,-0.07526295016508505,-0.07526295016508505,-2.0937594658539815
20.3,2.2384262526221885,-0.2846388967504832,-0.2846388967504832,-1.667646691716912
20.4,2.2099623629471403,-0.4514035659221744,-0.4514035659221744,-1.3333516142229804
20.5,2.164822006354923,-0.5847387273444724,-0.5847387273444724,-1.087015702844075
20.6,2.1063481336204757,-0.6934402976288799,-0.6934402976288799,-0.9147741452560836
20.7,2.037004103857588,-0.7849177121544884,-0.7849177121544884,-0.8009997871807772
20.8,1.958512332642139,-0.8650176908725661,-0.8650176908725661,-0.7320164830637028
20.9,1.8720105635548823,-0.9382193391789364,-0.9382193391789364,-0.6971612594736518
21.0,1.7781886296369886,-1.0079354651263015,-1.0079354651263015,-0.6886331698816346
21.1,1.6773950831243585,-1.076798782114465,-1.076798782114465,-0.700924731319352
21.2,1.569715204912912,-1.1468912552464001,-1.1468912552464001,-0.7301874660185416
21.3,1.4550260793882719,-1.2199100018482543,-1.2199100018482543,-0.7736448039590518
21.4,1.3330350792034464,-1.2972744822441595,-1.2972744822441595,-0.829055279482308
21.5,1.2033076309790305,-1.3801800101923902,-1.3801800101923902,-0.8941823274703311
21.6,1.0652896299597914,-1.4695982429394234,-1.4695982429394234,-0.9662078499823048
21.7,0.918329805665849,-1.566219027937654,-1.566219027937654,-1.0410198614237909
21.8,0.7617079028720836,-1.670321014080033,-1.670321014080033,-1.112309177935685
21.9,0.5946758014640803,-1.7815519318736015,-1.7815519318736015,-1.1704383704695198
22.0,0.4165206082767201,-1.8985957689205535,-1.8985957689205535,-1.2011253560894852
22.1,0.22666103138466476,-2.0187083045295022,-2.0187083045295022,-1.1841593888410906
22.2,0.024790200931714523,-2.137124243413611,-2.137124243413611,-1.0926956334458748
22.3,-0.1889222234096466,-2.2463938067581983,-2.2463938067581983,-0.8941859780742238
22.4,-0.41356160408546644,-2.335812404565621,-2.335812404565621,-0.5545938626845697
22.5,-0.6471428445420285,-2.391271790834078,-2.391271790834078,-0.04776807759383461
22.6,-0.8862700236254364,-2.3960485985934614,-2.3960485985934614,0.6292633274308704
22.7,-1.1258748834847825,-2.3331222658503745,-2.3331222658503745,1.438039938734222
22.8,-1.3591871100698198,-2.189318271976952,-2.189318271976952,2.2867898776484226
22.9,-1.578118937267515,-1.9606392842121099,-1.9606392842121099,3.0392455434018837
23.0,-1.7741828656887262,-1.6567147298719216,-1.6567147298719216,3.5532665555070224
23.1,-1.9398543386759184,-1.3013880743212194,-1.3013880743212194,3.7377446434734023
23.2,-2.0699931461080405,-0.9276136099738792,-0.9276136099738792,3.593538959261058
23.3,-2.1627545071054284,-0.5682597140477734,-0.5682597140477734,3.2076440617006794
23.4,-2.219580478510206,-0.24749530787770546,-0.24749530787770546,2.705480282310352
23.5,-2.2443300092979763,0.02305272035332978,0.02305272035332978,2.1977978951193244
23.6,-2.242024737262643,0.24283250986526222,0.24283250986526222,1.753120948341839
23.7,-2.217741486276117,0.41814460469944614,0.41814460469944614,1.3985173227006371
23.8,-2.1759270258061725,0.5579963369695099,0.5579963369695099,1.1339641662542057
23.9,-2.1201273921092216,0.6713927535949304,0.6713927535949304,0.9468886436855539
24.0,-2.0529881167497286,0.7660816179634858,0.7660816179634858,0.8216037661806384
24.1,-1.97637995495338,0.8482419945815497,0.8482419945815497,0.7438513714529051
24.2,-1.8915557554952251,0.9226271317268402,0.9226271317268402,0.7022971437708954
24.3,-1.799293042322541,0.9928568461039298,0.9928568461039298,0.6885565605625439
24.4,-1.7000073577121482,1.061712502160184,1.061712502160184,0.6966757631245784
24.5,-1.5938361074961298,1.131380078472642,1.131380078472642,0.7224960819984739
24.6,-1.4806980996488657,1.2036296866724894,1.2036296866724894,0.7630538417278637
24.7,-1.3603351309816167,1.2799350708452757,1.2799350708452757,0.8160352745905046
24.8,-1.2323416238970892,1.3615385983043262,1.3615385983043262,0.8792498176441619
24.9,-1.0961877640666566,1.4494635800687423,1.4494635800687423,0.9500618223872457
25.0,-0.9512414060597824,1.5444697623074668,1.5444697623074668,1.0247116684736113
25.1,-0.7967944298290357,1.646940929154828,1.646940929154828,1.0974588431304928
25.2,-0.6321003369135529,1.7566868134678773,1.7566868134678773,1.1595009012566562
25.3,-0.45643165556676524,1.8726369035935428,1.8726369035935428,1.1976870189401083
25.4,-0.26916796520741093,1.9924056054875536,1.9924056054875536,1.1931944866898743
25.5,-0.06992740465865555,2.111725054156541,2.111725054156541,1.120626930887838
25.6,0.14124510075699856,2.223787747245325,2.223787747245325,0.9484662916273396
25.7,0.3636238754815311,2.318634376408059,2.318634376408059,0.6424057012127693
25.8,0.5954873131223369,2.382874946529336,2.382874946529336,0.17346030802724277
25.9,0.8337748077752706,2.40022097733206,2.40022097733206,-0.46795764476443763
26.0,1.0737969055084766,2.3534252128556163,2.3534252128556163,-1.253880760722377
26.1,1.3091394267940384,2.2280371367833784,2.2280371367833784,-2.1043771689751907
26.2,1.5319431404723762,2.0175994198858596,2.0175994198858596,-2.8906448135630756
26.3,1.7337030824609623,1.728534938529552,1.728534938529552,-3.4671871433289945
26.4,1.9065565763139176,1.3818162241966525,1.3818162241966525,-3.727070418826178
26.5,2.044738198733583,1.0091091823140346,1.0091091823140346,-3.6497032957455637
26.6,2.1456491169649867,0.6441388527394782,0.6441388527394782,-3.3063261792884653
26.7,2.2100630022389347,0.31350623481063167,0.31350623481063167,-2.818951437199435
26.8,2.2414136257199977,0.03161109109068816,0.03161109109068816,-2.3050141142909317
26.9,2.2445747348290666,-0.19889032033840504,-0.19889032033840504,-1.8430036682598205
27.0,2.224685702795226,-0.3831906871643871,-0.3831906871643871,-1.4680322991996744
27.1,2.1863666340787873,-0.5299939170843545,-0.5299939170843545,-1.1846253808623393
27.2,2.133367242370352,-0.6484564551705885,-0.6484564551705885,-0.9819498716111341
27.3,2.068521596853293,-0.7466514423317019,-0.7466514423317019,-0.8444680927391726
27.4,1.9938564526201228,-0.8310982516056191,-0.8310982516056191,-0.757405174040708
27.5,1.9107466274595608,-0.90683876900969,-0.90683876900969,-0.7087532975051791
27.6,1.8200627505585918,-0.9777140987602079,-0.9777140987602079,-0.6895180468144706
27.7,1.722291340682571,-1.046665903441655,-1.046665903441655,-0.6932683191629354
27.8,1.6176247503384056,-1.1159927353579486,-1.1159927353579486,-0.715506535985201
27.9,1.5060254768026107,-1.1875433889564688,-1.1875433889564688,-0.7530560282961911
28.0,1.3872711379069638,-1.262848991786088,-1.262848991786088,-0.8035057988962878
28.1,1.260986238728355,-1.3431995716757168,-1.3431995716757168,-0.8646844098759496
28.2,1.1266662815607833,-1.4296680126633117,-1.4296680126633117,-0.9341065057679508
28.3,0.9836994802944521,-1.5230786632401068,-1.5230786632401068,-1.0083241077701686
28.4,0.8313916139704414,-1.6239110740171236,-1.6239110740171236,-1.082113727519278
28.5,0.669000506568729,-1.7321224467690515,-1.7321224467690515,-1.1474459157470953
28.6,0.49578826189182384,-1.846867038343761,-1.846867038343761,-1.1922362808686406
28.7,0.3111015580574477,-1.9660906664306252,-1.9660906664306252,-1.199003655359182
28.8,0.11449249141438517,-2.0859910319665436,-2.0859910319665436,-1.1438158687708726
28.9,-0.0941066117822692,-2.200372618843631,-2.200372618843631,-0.9963363878539223
29.0,-0.3141438736666323,-2.300006257629023,-2.300006257629023,-0.7223696170099035
29.1,-0.5441444994295347,-2.3722432193300134,-2.3722432193300134,-0.29077452423252903
29.2,-0.781368821362536,-2.4013206717532665,-2.4013206717532665,0.31375632712316665
29.3,-1.0215008885378627,-2.36994503904095,-2.36994503904095,1.0730046114856233
29.4,-1.2584953924419577,-2.2626445778923876,-2.2626445778923876,1.9189733964761522
29.5,-1.4847598502311965,-2.0707472382447722,-2.0707472382447722,2.7318796051862355
29.6,-1.6918345740556737,-1.7975592777261487,-1.7975592777261487,3.365635693726296
29.7,-1.8715905018282886,-1.460995708353519,-1.460995708353519,3.6999177914254195
29.8,-2.0176900726636404,-1.091003929210977,-1.091003929210977,3.692966552707972
29.9,-2.126790465584738,-0.7217072739401797,-0.7217072739401797,3.3981635979474154
30.0,-2.1989611929787563,-0.3818909141454382,-0.3818909141454382,2.9313191900725446
30.1,-2.2371502843933,-0.0887589951381837,-0.0887589951381837,2.4148831333455716
30.2,-2.2460261839071185,0.15272931819637348,0.15272931819637348,1.937159116430668
30.3,-2.230753252087481,0.34644522983944026,0.34644522983944026,1.5419750848669285
30.4,-2.1961087291035373,0.5006427383261332,0.5006427383261332,1.2391567814916784
30.5,-2.146044455270924,0.624558416475301,0.624558416475301,1.0201196452226307
30.6,-2.0835886136233936,0.7265703809975641,0.7265703809975641,0.8697287263432782
30.7,-2.0109315755236374,0.813543253631892,0.813543253631892,0.7727814670958242
30.8,-1.9295772501604482,0.8908214003414744,0.8908214003414744,0.7166043812483949
30.9,-1.8404951101263007,0.9624818384663139,0.9624818384663139,0.6915698317466785
31.0,-1.7442469262796694,1.0316388216409818,1.0316388216409818,0.6907387337840878
31.1,-1.6410830441155713,1.1007126950193906,1.1007126950193906,0.7092452363357624
31.2,-1.5310117746136322,1.1716372186529669,1.1716372186529669,0.7436732894971907
31.3,-1.4138480527483355,1.246004547602686,1.246004547602686,0.791489766267242
31.4,-1.2892475979880669,1.3251535242294101,1.3251535242294101,0.850516187326462
31.5,-1.1567322455651259,1.4102051429620563,1.4102051429620563,0.91838678438917
31.6,-1.0157117312689203,1.5020438214009733,1.5020438214009733,0.9919266262509838
31.7,-0.865507349128823,1.6012364840260715,1.6012364840260715,1.06638008709605
31.8,-0.7053837007262158,1.7078744927356766,1.7078744927356766,1.1344306660544836
31.9,-0.5345962514526481,1.821317559341125,1.821317559341125,1.1849949880234698
32.0,-0.3524644955185356,1.939817058143472,1.939817058143472,1.2018801041522376
32.1,-0.1584827897041884,2.060005068558696,2.060005068558696,1.162614961859168
32.2,0.04751771715168121,2.176266564744613,2.176266564744613,1.0381586326915813
32.3,0.2651443736261425,2.280082428013771,2.280082428013771,0.7947501886658528
32.4,0.4931526164275196,2.359557446880356,2.359557446880356,0.39970450771666866
32.5,0.7291083611155552,2.399527897652023,2.399527897652023,-0.1671377304193049
32.6,0.9690611508807575,2.3828141246100922,2.3828141246100922,-0.8964800537956503
32.7,1.2073425633417667,2.293166119230527,2.293166119230527,-1.732106186556432
32.8,1.4366591752648195,2.119955500574884,2.119955500574884,-2.5644644628273157
32.9,1.6486547253223078,1.8635090542921522,1.8635090542921522,-3.2494671475422425
33.0,1.835005630751523,1.538562339537928,1.538562339537928,-3.656083144968453
33.1,1.9888618647053158,1.1729540250410826,1.1729540250410826,-3.722236618215378
33.2,2.106157267209424,0.8007303632195448,0.8007303632195448,-3.481771367818274
33.3,2.1862303035313784,0.45255322643771745,0.45255322643771745,-3.0414660561244733
33.4,2.23148562617515,0.14840662082527012,0.14840662082527012,-2.526779785062365
33.5,2.246326288257677,-0.10427135768096635,-0.10427135768096635,-2.0353862808868333
33.6,2.2358991524895804,-0.3078099857696497,-0.3078099857696497,-1.620395376125861
33.7,2.2051181539126152,-0.4698495233822358,-0.4698495233822358,-1.2977104382590854
33.8,2.1581332015743917,-0.5996205672081443,-0.5996205672081443,-1.061565421954131
33.9,2.0981711448535774,-0.7057771094035574,-0.7057771094035574,-0.8975305976176255
34.0,2.0275934339132218,-0.79553016916532,-0.79553016916532,-0.7900925044887415
34.1,1.9480404169966898,-0.8745394196141942,-0.8745394196141942,-0.7259321546973612
34.2,1.8605864750352703,-0.9471326350839303,-0.9471326350839303,-0.6947694239837592
34.3,1.7658732115268774,-1.0166095774823063,-1.0166095774823063,-0.6891270098498423
34.4,1.6642122537786468,-1.0855222784672904,-1.0855222784672904,-0.7037408252547128
34.5,1.5556600259319178,-1.1558963609927617,-1.1558963609927617,-0.7349284624637219
34.6,1.4400703898326417,-1.229389207239134,-1.229389207239134,-0.7800096477802392
34.7,1.3171314691087284,-1.307390172017158,-1.307390172017158,-0.8367732399517953
34.8,1.1863924519070126,-1.3910674960123375,-1.3910674960123375,-0.9029436354470026
34.9,1.0472857023057789,-1.4813618595570377,-1.4813618595570377,-0.9755823500356186
35.0,0.8991495163500751,-1.5789200945605995,-1.5789200945605995,-1.0503549154516307
35.1,0.7412575068940152,-1.6839555861057625,-1.6839555861057625,-1.1205999155703235
35.2,0.572861948283439,-1.7960155776627948,-1.7960155776627948,-1.1761697920593082
35.3,0.39326039051715944,-1.9136325568687256,-1.9136325568687256,-1.2021014580223308
35.4,0.20189713483028687,-2.0338427026709587,-2.0338427026709587,-1.1773662773236868
35.5,-0.0014871354368090062,-2.1515793304033273,-2.1515793304033273,-1.0743001505787602
35.6,-0.21664506847714174,-2.2590093454612035,-2.2590093454612035,-0.8598462056454206
35.7,-0.4425460030232621,-2.3449939660257457,-2.3449939660257457,-0.5003210046389207
35.8,-0.6770453996258367,-2.395026066489638,-2.395026066489638,0.028460932298801422
35.9,-0.9165480062748005,-2.3921799732597577,-2.3921799732597577,0.7252456702118657
36.0,-1.1557660036007762,-2.3196554062385712,-2.3196554062385712,1.5452304110522257
36.1,-1.3877315442246334,-2.1651323651333487,-2.1651323651333487,2.3899700590080744
36.2,-1.6042447807379683,-1.9261353592325412,-1.9261353592325412,3.11972934928482
36.3,-1.7968583166612224,-1.614162424304059,-1.614162424304059,3.595600060963797
36.4,-1.9582745590916284,-1.2546024182076794,-1.2546024182076794,3.7365726474698002
36.5,-2.083734800912396,-0.8809451534606993,-0.8809451534606993,3.5557724460916016
36.6,-2.1718293162584663,-0.5253679088515392,-0.5253679088515392,3.1481842228776804
36.7,-2.22436610714362,-0.2105494865637711,-0.2105494865637711,2.6399702206837623
36.8,-2.245421055799997,0.053447535504605126,0.053447535504605126,2.1374058388823274
36.9,-2.2400763022495362,0.2671881193928379,0.2671881193928379,1.7033031402332024
37.0,-2.2133574903102526,0.43751843341615815,0.43751843341615815,1.3604259404577101
37.1,-2.1696056469686367,0.5735610274619292,0.5735610274619292,1.1064561775931652
37.2,-2.112249544222444,0.6842066452212456,0.6842066452212456,0.9280253199887656
37.3,-2.0438288797003192,0.7770091772201222,0.7770091772201222,0.8094579244313884
37.4,-1.966127961978307,0.857954969663261,0.857954969663261,0.7368247019043441
37.5,-1.8803324650119808,0.9316374398536954,0.9316374398536954,0.6991791444581517
37.6,-1.7871687210266112,1.0015553542995106,1.0015553542995106,0.6884765003979643
37.7,-1.6870131855966601,1.070403004339307,1.070403004339307,0.6990239935918522
37.8,-1.5799728851627295,1.140305403698492,1.140305403698492,0.72684523402516
37.9,-1.4659423447928803,1.212989927101008,1.212989927101008,0.7690875414248889
38.0,-1.3446433520827794,1.289898681243497,1.289898681243497,0.8234818831172053
38.1,-1.2156534839584296,1.3722468695552175,1.3722468695552175,0.887814517529175
38.2,-1.0784287970029078,1.461028321308135,1.461028321308135,0.9593486551086651
38.3,-0.9323259648720943,1.5569631868190015,1.5569631868190015,1.0341266757065442
38.4,-0.7766296461901941,1.6603758543896558,1.6603758543896558,1.106086730326094
38.5,-0.6105920607512285,1.7709845274222653,1.7709845274222653,1.1659527391764626
38.6,-0.43349360800900194,1.8875798013399117,1.8875798013399117,1.1999296173271303
38.7,-0.24473562787501077,2.0075727630726248,2.0075727630726248,1.1883996945403192
38.8,-0.04397835156774829,2.126412732526657,2.126412732526657,1.1051283752818015
38.9,0.1686629216849174,2.236925570054837,2.236925570054837,0.917982749885847
39.0,0.3923554786904011,2.3287238450434216,2.3287238450434216,0.5927612840467487
39.1,0.6252278631947432,2.3879999734480966,2.3879999734480966,0.10202573090641875
39.2,0.8640278605395528,2.398202546538738,2.398202546538738,-0.5601086206388333
39.3,1.1038481151934267,2.3421916844748547,2.3421916844748547,-1.3597099093870821
39.4,1.3380672836409122,2.2062206935361464,2.2062206935361464,-2.209992237652686
39.5,1.558689352994527,1.9852214697708777,1.9852214697708777,-2.977638805292311
39.6,1.7572114999716146,1.6874575892416466,1.6874575892416466,-3.518741943235107
39.7,1.9259572588957794,1.335583394918136,1.335583394918136,-3.735212893001025
39.8,2.059515598387593,0.9620621056180334,0.9620621056180334,-3.6188280238139074
39.9,2.155721808949396,0.6001793032366427,0.6001793032366427,-3.250189735914453
40.0,2.2157397392730602,0.2751603296451974,0.2751603296451974,-2.7536097502814667
40.1,2.24325577223758,-0.0002006453829492827,-0.0002006453829492827,-2.242851251436191
40.2,2.2432357076992853,-0.22448577052656837,-0.22448577052656837,-1.7906604471516672
40.3,2.2207871306466282,-0.4035518152417351,-0.4035518152417351,-1.427425351570734
40.4,2.180431949122455,-0.5462943503988085,-0.5462943503988085,-1.1549600203641386
40.5,2.125802514082574,-0.6617903524352223,-0.6617903524352223,-0.9613703679217196
40.6,2.0596234788390517,-0.7579273892273943,-0.7579273892273943,-0.8310046592081117
40.7,1.9838307399163122,-0.8410278551482055,-0.8410278551482055,-0.7493766121971641
40.8,1.8997279544014916,-0.915965516367922,-0.915965516367922,-0.7048663719821109
40.9,1.8081314027646993,-0.9864521535661331,-0.9864521535661331,-0.688834147221262
41.0,1.709486187408086,-1.0553355682882593,-1.0553355682882593,-0.6951277030735827
41.1,1.60395263057926,-1.1248483385956176,-1.1248483385956176,-0.7194483636553636
41.2,1.4914677967196983,-1.196793174961154,-1.196793174961154,-0.7587454239791712
41.3,1.3717884792235828,-1.272667717359071,-1.272667717359071,-0.8106669716468538
41.4,1.2445217074876758,-1.3537344145237564,-1.3537344145237564,-0.8730337808583032
41.5,1.1091482660353,-1.4410377926095868,-1.4410377926095868,-0.94327770022593
41.6,0.9650444867743413,-1.5353655626321798,-1.5353655626321798,-1.0177759556998849
41.7,0.8115079305111232,-1.6371431582021683,-1.6371431582021683,-1.0910131897747206
41.8,0.6477936146909065,-1.7462444771796404,-1.7462444771796404,-1.1545218343029577
41.9,0.4731691669729424,-1.861696660609936,-1.861696660609936,-1.1956107390691773
42.0,0.2869995009119488,-1.9812577345168538,-1.9812577345168538,-1.1960315427948514
42.1,0.08887372746026342,-2.100860888796339,-2.100860888796339,-1.131007305572065
42.2,-0.1212123614193705,-2.2139616193535456,-2.2139616193535456,-0.9695042029371368
42.3,-0.3426085233547251,-2.3109120396472593,-2.3109120396472593,-0.677219375270292
42.4,-0.5736997273194511,-2.3786339771742884,-2.3786339771742884,-0.22417572297416855
42.5,-0.8115631250368799,-2.4010515494717053,-2.4010515494717053,0.4017452908931072
42.6,-1.0516682799840504,-2.3608770203823948,-2.3608770203823948,1.1768020466974596
42.7,-1.28775598202229,-2.2431968157126487,-2.2431968157126487,2.026121564182549
42.8,-1.5120756635935548,-2.0405846592943937,-2.0405846592943937,2.8245519771845036
42.9,-1.7161341295229942,-1.7581294615759433,-1.7581294615759433,3.426017310538553
43.0,-1.8919470756805885,-1.415527730522088,-1.415527730522088,3.7175983006052062
43.1,-2.0334998487327973,-1.0437679004615672,-1.0437679004615672,3.6696695119542877
43.2,-2.137876638778954,-0.6768009492661384,-0.6768009492661384,3.346141124724462
43.3,-2.205556733705568,-0.3421868367936922,-0.3421868367936922,2.866743913735613
43.4,-2.239775417384937,-0.055512445420130896,-0.055512445420130896,2.351260892773286
43.5,-2.24532666192695,0.1796136438571977,0.1796136438571977,1.8823731258336798
43.6,-2.22736529754123,0.36785095644056565,0.36785095644056565,1.4988077549095271
43.7,-2.1905802018971734,0.5177317319315183,0.5177317319315183,1.2072415491979658
43.8,-2.1388070287040217,0.6384558868513149,0.6384558868513149,0.9977281795286206
43.9,-2.0749614400188903,0.738228704804177,0.738228704804177,0.8548668754371029
44.0,-2.0011385695384725,0.8237153923478873,0.8237153923478873,0.7636892326005946
44.1,-1.9187670303036837,0.9000843156079468,0.9000843156079468,0.7119038646543048
44.2,-1.828758598742889,0.9712747020733773,0.9712747020733773,0.6902507836823815
44.3,-1.7316311285355512,1.0402997804416154,1.0402997804416154,0.6920874560166403
44.4,-1.6276011504913896,1.1095085260432795,1.1095085260432795,0.712763936460569
44.5,-1.5166502978870617,1.1807849196893365,1.1807849196893365,0.7490054161709281
44.6,-1.398571805918128,1.2556854613064292,1.2556854613064292,0.7983522114184983
44.7,-1.2730032597874852,1.335520682448279,1.335520682448279,0.8586330609780939
44.8,-1.1394511915426573,1.4213839885460884,1.4213839885460884,0.9274169330162297
44.9,-0.9973127926880484,1.5141256818477113,1.5141256818477113,1.0013760954778086
45.0,-0.8459002245032773,1.6142632913954922,1.6142632913954922,1.075491089311491
45.1,-0.684473895363728,1.7218124003266413,1.7218124003266413,1.1420416551068777
45.2,-0.5122926553310639,1.836016565837329,1.836016565837329,1.1893753884491236
45.3,-0.328690998747331,1.9549541046822414,1.9549541046822414,1.200563607529681
45.4,-0.13319558827910682,2.0750104654352093,2.0750104654352093,1.1522943734980742
45.5,0.07430545826441412,2.1902399027850166,2.1902399027850166,1.014768006105302
45.6,0.29332944854291576,2.291716703395547,2.291716703395547,0.7539367693531692
45.7,0.5225011188824704,2.3671103803308635,2.3671103803308635,0.3379347232955612
45.8,0.7592121569155568,2.4009038526604196,2.4009038526604196,-0.25070444137274006
45.9,0.9993025421815988,2.3758334085231456,2.3758334085231456,-0.9976460764546077
46.0,1.2368858830339133,2.276068800877685,2.276068800877685,-1.8399151619125933
46.1,1.4644927631216818,2.0920772846864257,2.0920772846864257,-2.6619340482056906
46.2,1.6737004915903244,1.8258838798658568,1.8258838798658568,-3.318158464896518
46.3,1.8562888795769101,1.4940680333762049,1.4940680333762049,-3.6833909559959146
46.4,2.0056956829145305,1.1257289377766133,1.1257289377766133,-3.7071309395098604
46.5,2.118268576692192,0.7550158438256273,0.7550158438256273,-3.4346620164245447
46.6,2.1937701610747546,0.41154964218317275,0.41154964218317275,-2.978312906813821
46.7,2.234925125293072,0.1137183515017906,0.1137183515017906,-2.462071295857089
46.8,2.2462969604432512,-0.1324887780839183,-0.1324887780839183,-1.9782820967526353
46.9,2.2330480826348595,-0.33031698775918183,-0.33031698775918183,-1.5746431291969332
47.0,2.2000163838589413,-0.48778130067887515,-0.48778130067887515,-1.2634587046619794
47.1,2.1512382537910537,-0.6141271711450731,-0.6141271711450731,-1.0372649868520059
47.2,2.0898255366765466,-0.7178536698302737,-0.7178536698302737,-0.881185802870369
47.3,2.0180401696935193,-0.8059722501173106,-0.8059722501173106,-0.7798708912801577
47.4,1.9374429446817882,-0.8839593392453263,-0.8839593392453263,-0.7203700856976576
47.5,1.8490470107572556,-0.9559963478150921,-0.9559963478150921,-0.692781450689588
47.6,1.7534473759757465,-1.025274492884051,-1.025274492884051,-0.6899415761556045
47.7,1.6509199266873413,-1.0942686504996113,-1.0942686504996113,-0.7068196209815804
47.8,1.54149306163738,-1.1649506125977693,-1.1649506125977693,-0.7398900447181918
47.9,1.4249980003776033,-1.2389396170695886,-1.2389396170695886,-0.7865604592652083
48.0,1.3011040386706445,-1.3175956629961094,-1.3175956629961094,-0.8446416523939091
48.1,1.1693444723710336,-1.4020598282355003,-1.4020598282355003,-0.9118095698860944
48.2,1.0291384895474835,-1.4932407852241099,-1.4932407852241099,-0.9849937893164924
48.3,0.8798144110250725,-1.5917401641557591,-1.5917401641557591,-1.0596226344238424
48.4,0.7206403946094966,-1.6977024275981434,-1.6977024275981434,-1.1286640074289078
48.5,0.5508701518496822,-1.8105688283410342,-1.8105688283410342,-1.1814388368864042
48.6,0.3698132690155788,-1.9287127120296745,-1.9287127120296745,-1.202282461923015
48.7,0.17694199781261136,-2.048940958221976,-2.048940958221976,-1.1693378730581137
48.8,-0.027952098009586257,-2.165874745527787,-2.165874745527787,-1.0541391543610679
48.9,-0.24453957256236497,-2.271288660963894,-2.271288660963894,-0.8231936783197544
49.0,-0.4716684386587544,-2.3536080287958696,-2.3536080287958696,-0.4433306733112685
49.1,-0.7070292415383413,-2.3979410961269965,-2.3979410961269965,0.10741249845599288
49.2,-0.946823351151041,-2.3871998462813973,-2.3871998462813973,0.8232552725167835
49.3,-1.1855433357791807,-2.304874319029719,-2.304874319029719,1.6528715868099837
49.4,-1.4160307676821526,-2.1395871603487207,-2.1395871603487207,2.49132644068556
49.5,-1.6299894837170248,-1.8904545162801647,-1.8904545162801647,3.196104122529791
49.6,-1.8190349353450412,-1.5708441040271857,-1.5708441040271857,3.6324865615796256
49.7,-1.97611934574776,-1.207595447869223,-1.207595447869223,3.730180515993269
49.8,-2.0968788905346822,-0.8345773962698961,-0.8345773962698961,3.5143673205562083
49.9,-2.180336630161672,-0.48314066421427526,-0.48314066421427526,3.0871597263246047
50.0,-2.2286506965830992,-0.17442469158181478,-0.17442469158181478,2.5746119493701856
50.1,-2.246093165741281,0.0830365033552038,0.0830365033552038,2.0781545567693263
50.2,-2.2377895154057605,0.29085195903213645,0.29085195903213645,1.6549655387706599
50.3,-2.208704319502547,0.4563485129092024,0.4563485129092024,1.3237590398798
50.4,-2.163069468211627,0.5887244168971825,0.5887244168971825,1.0801493104417141
50.5,-2.1041970265219088,0.696739347941354,0.696739347941354,0.9101094113425245
50.6,-2.0345230917277735,0.7877502890756064,0.7877502890756064,0.7980370694641026
50.7,-1.9557480628202129,0.8675539960220167,0.8675539960220167,0.7303495218095644
50.8,-1.8689926632180112,0.9405889482029731,0.9405889482029731,0.6964857196220846
50.9,-1.7749337683977138,1.0102375201651816,1.0102375201651816,0.6887314974074543
51.0,-1.6739100163811955,1.0791106699059272,1.0791106699059272,0.701644930376725
51.1,-1.5659989493906028,1.1492751629435998,1.1492751629435998,0.7314225009638332
51.2,-1.4510714330962429,1.2224174130399832,1.2224174130399832,0.7753140117224336
51.3,-1.3288296917922446,1.2999488142122266,1.2999488142122266,0.8310868631695837
51.4,-1.198834810371022,1.383057500529185,1.383057500529185,0.8964950504960025
51.5,-1.0605290603181035,1.4727070055787852,1.4727070055787852,0.9686896613773843
51.6,-0.913258359760225,1.5695759717165236,1.5695759717165236,1.0435011212071181
51.7,-0.7563007625885726,1.6739260838372354,1.6739260838372354,1.1145286081884827
51.8,-0.5889081542048491,1.7853789446560837,1.7853789446560837,1.172001478527212
51.9,-0.4103702597392407,1.9025790925088049,1.9025790925088049,1.201459078993973
52.0,-0.2201123504883602,2.0227250004082022,2.0227250004082022,1.182474897005371
52.1,-0.017839850447539968,2.1409724901087395,2.1409724901087395,1.0879854022669604
52.2,0.196257398563334,2.2497710303354355,2.2497710303354355,0.8853009389106292
52.3,0.4212345015968776,2.3383011242264984,2.3383011242264984,0.5404637322627553
52.4,0.6550646140195274,2.392347497452774,2.392347497452774,0.027819437797444557
52.5,0.8942993637648049,2.3951294412325184,2.3951294412325184,-0.654512598899402
52.6,1.1338123078880566,2.329678181342578,2.329678181342578,-1.4664092205801733
52.7,1.3667801260223145,2.183037259284561,2.183037259284561,-2.3143142551085694
52.8,1.5850838519507706,1.9516058337737041,1.9516058337737041,-3.060976803641738
52.9,1.780244435328141,1.6455081534095304,1.6455081534095304,-3.565020376592461
53.0,1.944795250669094,1.2890061157502843,1.2890061157502843,-3.737950069824323
53.1,2.0736958622441226,0.915211108767852,0.915211108767852,-3.583892361413505
53.2,2.165216973120908,0.5568218726265015,0.5568218726265015,-3.1920423161719826
53.3,2.220899160383558,0.23761764100930322,0.23761764100930322,-2.688102144049394
53.4,2.2446609244844886,-0.03119257339563619,-0.03119257339563619,-2.1816752790770915
53.5,2.241541667144925,-0.24936010130334535,-0.24936010130334535,-1.7397656754980289
53.6,2.2166056570145902,-0.42333666885314825,-0.42333666885314825,-1.388275361975213
53.7,2.1742719901292755,-0.5621642050506696,-0.5621642050506696,-1.1265500652939242
53.8,2.1180555696242087,-0.674819211580062,-0.674819211580062,-0.9417919020931933
53.9,2.0505736484662025,-0.7689984017893813,-0.7689984017893813,-0.8183105048277362
54.0,1.9736738082872645,-0.8508294522721549,-0.8508294522721549,-0.7419329869388913
54.1,1.888590863060049,-0.925022750966044,-0.925022750966044,-0.7014280200338396
54.2,1.7960885879634445,-0.995165552969428,-0.995165552969428,-0.6885020605871264
54.3,1.6965720326665017,-1.0640157590281407,-1.0640157590281407,-0.6972714879308449
54.4,1.5901704567636876,-1.133742907821225,-1.133742907821225,-0.7236268974785378
54.5,1.4767961659815652,-1.2061055975690789,-1.2061055975690789,-0.7646348842134942
54.6,1.3561856062246573,-1.2825690859904282,-1.2825690859904282,-0.8179943520741643
54.7,1.2279286976256145,-1.3643685211978447,-1.3643685211978447,-0.8815094678954278
54.8,1.09149184550583,-1.4525194679873874,-1.4525194679873874,-0.952518814417676
54.9,0.9462398987070912,-1.547771349429155,-1.547771349429155,-1.0272115987156634
55.0,0.7914627637641758,-1.6504925093007212,-1.6504925093007212,-1.0997637834239686
55.1,0.6264135128341036,-1.760468887643118,-1.760468887643118,-1.1612493399589323
55.2,0.4503666240697918,-1.8765938216390112,-1.8765938216390112,-1.1983486823199432
55.3,0.2627072419058907,-1.9964286898710055,-1.9964286898710055,-1.1920297290454172
55.4,0.06306437291879011,-2.1156316627755474,-2.1156316627755474,-1.116673148957063
55.5,-0.14849879335876465,-2.2272989776712535,-2.2272989776712535,-0.9405926176363575
55.6,-0.37122869112589,-2.3213582394348893,-2.3213582394348893,-0.6294963789065398
55.7,-0.6033645150693789,-2.384307877325543,-2.384307877325543,-0.1547872866679454
55.8,-0.8417953028019333,-2.3997866059923374,-2.3997866059923374,0.4921695904294807
55.9,-1.081773963401167,-2.3505696469493893,-2.3505696469493893,1.2818484670730337
56.0,-1.316830928096106,-2.222384800242086,-2.222384800242086,2.1324947013261184
56.1,-1.5390694081203145,-2.009135330109474,-2.009135330109474,2.914055972530223
56.2,-1.739982941131262,-1.7177297328564518,-1.7177297328564518,3.481366358155757
56.3,-1.9117559144169072,-1.369593097040876,-1.369593097040876,3.7297611025278528
56.4,-2.0487152241209947,-0.9966169867880907,-0.9966169867880907,3.6419241163441445
56.5,-2.148376922799804,-0.6324245751536763,-0.6324245751536763,3.2916498486662316
56.6,-2.2116193803151716,-0.3032595902870532,-0.3032595902870532,2.801650379935081
56.7,-2.241945339343877,-0.023094552293545068,-0.023094552293545068,2.28843835559033
56.8,-2.2442547945732314,0.20574928326548791,0.20574928326548791,1.8289828290894992
56.9,-2.2236798662466826,0.38864756617443785,0.38864756617443785,1.4571207055931674
57.0,-2.184815109629239,0.5343596367337546,0.5343596367337546,1.1766342240438281
57.1,-2.1313791459558633,0.6520230591381375,0.6520230591381375,0.9763929764591432
57.2,-2.0661768400420497,0.7496623567840519,0.7496623567840519,0.840821207148839
57.3,-1.9912106043636446,0.8337444774989358,0.8337444774989358,0.7552179034306237
57.4,-1.907836156613751,0.9092662678419982,0.9092662678419982,0.707677969704037
57.5,-1.8169095298295512,0.9800340648124019,0.9800340648124019,0.6893018181367512
57.6,-1.718906123348311,1.048964246626077,1.048964246626077,0.6937332979707986
57.7,-1.6140096986857033,1.1183375764231567,1.1183375764231567,0.7165285241315474
57.8,-1.5021759410433877,1.1899904288363115,1.1899904288363115,0.7545450823622788
57.9,-1.3831768981597565,1.2654449370725394,1.2654449370725394,0.8053884499741719
58.0,-1.2566324044525026,1.3459837820699565,1.3459837820699565,0.8668859756106576
58.1,-1.1220340262455069,1.4326723796310223,1.4326723796310223,0.9365313514774456
58.2,-0.9787667882824046,1.5263255147787669,1.5263255147787669,1.010831509708097
58.3,-0.8261342368045279,1.6274086657495765,1.6274086657495765,1.0844871711775022
58.4,-0.6633933702295702,1.7358573828673267,1.7358573828673267,1.1493546610438212
58.5,-0.48980763194283755,1.850792848971709,1.850792848971709,1.1931907970429472
58.6,-0.30472834704566665,1.9701119286760036,1.9701119286760036,1.1983126395599648
58.7,-0.10771715417806627,2.089943192632,2.089943192632,1.140563960418683
58.8,0.10127716508513374,2.2039995886738684,2.2039995886738684,0.9894193466485147
58.9,0.32167712395252057,2.30294152333872,2.30294152333872,0.7106438510437402
59.0,0.5519712762863926,2.374005908443094,2.374005908443094,0.27338476981942383
59.1,0.7893718671307021,2.4013443854250363,2.4013443854250363,-0.33684805657856076
59.2,1.0295063056732057,2.3676595797671802,2.3676595797671802,-1.1003978613114103
59.3,1.2662722636499237,2.257619793636039,2.257619793636039,-1.9474474549335428
59.4,1.4920342430135276,2.062875048142685,2.062875048142685,-2.7567480542107847
59.5,1.698321747827796,1.7872002427216065,1.7872002427216065,-3.3821295604794113
59.6,1.8770417720999568,1.4489872866736653,1.4489872866736653,-3.705146304815763
59.7,2.0219405007673235,1.078472656192089,1.078472656192089,-3.6872335259261764
59.8,2.1297877663865323,0.7097493035994713,0.7097493035994713,-3.3846230907572394
59.9,2.2007626967464793,0.37128699452374736,0.37128699452374736,-2.9142568288640844
60.0,2.237891396198854,0.0798613116373389,0.0798613116373389,-2.3979397698177873
60.1,2.245877527362588,-0.15993266534443984,-0.15993266534443984,-1.922496407454011
60.2,2.229884260828144,-0.3521823060898409,-0.3521823060898409,-1.5303826142103825
60.3,2.1946660302191603,-0.5052205675108792,-0.5052205675108792,-1.2305639822515495
60.4,2.1441439734680725,-0.6282769657360341,-0.6282769657360341,-1.0140768406616147
60.5,2.0813162768944693,-0.7296846498021956,-0.7296846498021956,-0.8657063637700184
60.6,2.0083478119142497,-0.8162552861791974,-0.8162552861791974,-0.7703085506712375
60.7,1.92672228329633,-0.8932861412463211,-0.8932861412463211,-0.7153107037673472
60.8,1.8373936691716979,-0.9648172116230558,-0.9648172116230558,-0.6911833465950543
60.9,1.7409119480093924,-1.0339355462825612,-1.0339355462825612,-0.6910670231462173
61.0,1.6375183933811364,-1.103042248597183,-1.103042248597183,-0.71015410508412
61.1,1.527214168521418,-1.174057659105595,-1.174057659105595,-0.745066867107397
61.2,1.4098084026108586,-1.2485643458163347,-1.2485643458163347,-0.79329246719623
61.3,1.2849519680292252,-1.3278935925359576,-1.3278935925359576,-0.8526551731277427
61.4,1.1521626087756294,-1.413159109848732,-1.413159109848732,-0.9207728708908853
61.5,1.0108466977907562,-1.5052363969378204,-1.5052363969378204,-0.994431307316519
61.6,0.8603230580969742,-1.6046795276694723,-1.6046795276694723,-1.0688064208076815
61.7,0.6998551053300269,-1.7115601697502405,-1.7115601697502405,-1.1364765278118474
61.8,0.5286990883550029,-1.8252078225314252,-1.8252078225314252,-1.186209466560446
61.9,0.3461783061018604,-1.9438287691874698,-1.9438287691874698,-1.2016190349298745
62.0,0.1517954291831134,-2.063990672680457,-2.063990672680457,-1.1600116813875476
62.1,-0.05460363808493232,-2.179991840819212,-2.179991840819212,-1.0321423970398058
62.2,-0.2726028221668535,-2.2832060805231924,-2.2832060805231924,-0.78416507202327
62.3,-0.5009234302191727,-2.3616225877255195,-2.3616225877255195,-0.3835936364406183
62.4,-0.7370856889917247,-2.3999819513695813,-2.3999819513695813,0.18904418593846506
62.5,-0.9770838841286829,-2.381077532775735,-2.381077532775735,0.9231440449775796
62.6,-1.2151916374062564,-2.288763128277977,-2.288763128277977,1.760707704160407
62.7,-1.444067950234054,-2.1126923578619365,-2.1126923578619365,2.5905545199975375
62.8,-1.6553371860202477,-1.8536369058621829,-1.8536369058621829,3.2681321603496736
62.9,-1.840700876606466,-1.5268236898272156,-1.5268236898272156,3.663865560453428
63.0,-1.9933832455891878,-1.1604371337818729,-1.1604371337818729,3.7187076940189083
63.1,-2.109426958967375,-0.7885663643799821,-0.7885663643799821,3.4695785930139005
63.2,-2.188283595405373,-0.441608505078592,-0.441608505078592,3.0248192952499564
63.3,-2.232444445913232,-0.13912657555359637,-0.13912657555359637,2.5095712424618335
63.4,-2.2463571034685916,0.11183054869258702,0.11183054869258702,2.0201171804175746
63.5,-2.2351740485993328,0.31384226673434445,0.31384226673434445,1.6081167245803705
63.6,-2.2037898219258985,0.4746539391923815,0.4746539391923815,1.2884933714154148
63.7,-2.1563244280066605,0.603503276333923,0.603503276333923,1.0550109011678943
63.8,-2.0959741003732684,0.7090043664507124,0.7090043664507124,0.8931101087201962
63.9,-2.025073663728197,0.7983153773227321,0.7983153773227321,0.787316269210466
64.0,-1.945242125995924,0.8770470042437787,0.8770470042437787,0.7244071986093297
64.1,-1.8575374255715462,0.9494877241047116,0.9494877241047116,0.6942035660837653
64.2,-1.762588653161075,1.0189080807130881,1.0189080807130881,0.6893122688556761
64.3,-1.6606978450897663,1.0878393075986557,1.0878393075986557,0.7045320580874719
64.4,-1.5519139143299008,1.158292513407403,1.158292513407403,0.7362230152593809
64.5,-1.4360846629891606,1.231914814933341,1.231914814933341,0.7817289885932314
64.6,-1.3128931814958265,1.310087713792664,1.310087713792664,0.8388454713220985
64.7,-1.18188441011656,1.393972260924874,1.393972260924874,0.9052849353160987
64.8,-1.0424871840240726,1.4845007544564839,1.4845007544564839,0.9780750459961749
64.9,-0.8940371085784242,1.5823082590561013,1.5823082590561013,1.0528198819636883
65.0,-0.7358062826728141,1.6875902472524702,1.6875902472524702,1.1227615411340692
65.1,-0.567047257947567,1.7998664013658772,1.7998664013658772,1.1776136039848382
65.2,-0.38706061781097933,1.917627761764361,1.917627761764361,1.2022289132364237
65.3,-0.19529784163454322,2.0378506530880034,2.0378506530880034,1.1753600856781645
65.4,0.008487223674257138,2.15538666165582,2.15538666165582,1.0691284777069217
65.5,0.22402588983983915,2.262299509426512,2.262299509426512,0.8503541742146125
65.6,0.45025584078249037,2.3473349268479735,2.3473349268479735,0.4854736396743118
65.7,0.6849893334672877,2.3958822908154045,2.3958822908154045,-0.04913461645638184
65.8,0.9245775625488282,2.390968829169766,2.390968829169766,-0.7510454313617204
65.9,1.1636744454658048,2.315864286033594,2.315864286033594,-1.5737424677198075
66.0,1.395260874069164,2.158490039261613,2.158490039261613,-2.4170392334550304
66.1,1.6111098779953255,1.9167861159161101,1.9167861159161101,-3.1403937581050636
66.2,1.8027884895869364,1.6027467401056037,1.6027467401056037,-3.6059157063949367
66.3,1.9630631635974969,1.24215516946611,1.24215516946611,-3.735380707943252
66.4,2.0872786805441077,0.8686170986717847,0.8686170986717847,-3.545136212033249
66.5,2.1741403904112864,0.5141034774684599,0.5141034774684599,-3.1321430291631263
66.6,2.2255507381581325,0.20088917455214722,0.20088917455214722,-2.622615834299881
66.7,2.2456396556133473,-0.0613724088778409,-0.0613724088778409,-2.121578477542333
66.8,2.239502414725563,-0.2735302566320742,-0.2735302566320742,-1.6903396757075244
66.9,2.212149389062356,-0.44256422420282665,-0.44256422420282665,-1.3505642687805355
67.0,2.167892966642073,-0.5776206510808802,-0.5776206510808802,-1.0993641012225446
67.1,2.110130901533985,-0.6875570612031348,-0.6875570612031348,-0.9231831253554275
67.2,2.0413751954136714,-0.7798753737386775,-0.7798753737386775,-0.8063596058561786
67.3,1.9633876580398035,-0.8605113343242954,-0.8605113343242954,-0.7350545849656136
67.4,1.877336524607374,-0.9340167928208567,-0.9340167928208567,-0.6984240655386524
67.5,1.7839348453252883,-1.003859199374722,-1.003859199374722,-0.6885118753766659
67.6,1.6835489253878162,-1.0727103869123884,-1.0727103869123884,-0.699692757377066
67.7,1.5762778866965774,-1.142679662650095,-1.142679662650095,-0.7280370771017022
67.8,1.462009920431568,-1.2154833703602652,-1.2154833703602652,-0.7707201580428744
67.9,1.3404615833955416,-1.2925553861645527,-1.2925553861645527,-0.8254834394643985
68.0,1.2112060447790862,-1.3751037301109925,-1.3751037301109925,-0.8901055157563573
68.1,1.0736956717679869,-1.4641142816866282,-1.4641142816866282,-0.9618209458077647
68.2,0.927284243599324,-1.5602963762674047,-1.5602963762674047,-1.0366172778934883
68.3,0.7712546059725836,-1.6639581040567535,-1.6639581040567535,-1.1083445074211165
68.4,0.6048587955669082,-1.7747925547988652,-1.7747925547988652,-1.1675974510265088
68.5,0.4273795400870217,-1.8915522999015162,-1.8915522999015162,-1.2004065823459467
68.6,0.2382243100968701,-2.0115929581361107,-2.0115929581361107,-1.186941012292435
68.7,0.03706501428325901,-2.1302870593653545,-2.1302870593653545,-1.100745233505398
68.8,-0.17596369165327644,-2.2403615827158943,-2.2403615827158943,-0.9095326945480601
68.9,-0.39999984992486587,-2.3313148521707,-2.3313148521707,-0.5791525279357577
69.0,-0.6331313351419359,-2.389230104964276,-2.389230104964276,-0.08261595697952262
69.1,-0.8720543456383635,-2.3974917006622283,-2.3974917006622283,0.5849292791910321
69.2,-1.1118035157045862,-2.338998772743125,-2.338998772743125,1.3879305746075163
69.3,-1.3457033929788988,-2.2002057152823737,-2.2002057152823737,2.2377961861150943
69.4,-1.5657239645071361,-1.9764260966708642,-1.9764260966708642,3.000106836997703
69.5,-1.7633665741742226,-1.676415412971094,-1.676415412971094,3.53153360662383
69.6,-1.9310081154713319,-1.3232620523087109,-1.3232620523087109,3.73646179288162
69.7,-2.063334320702203,-0.9496158730205488,-0.9496158730205488,3.609949249497513
69.8,-2.158295908004258,-0.5886209480707976,-0.5886209480707976,3.234954617513644
69.9,-2.217158002811338,-0.26512548631943317,-0.26512548631943317,2.7362458150737416
70.0,-2.243670551443281,0.008499095187941008,0.008499095187941008,2.2265276319157286
70.1,-2.242820641924487,0.23115185837951388,0.23115185837951388,1.7770213968524382
70.2,-2.2197054560865355,0.40885399806475775,0.40885399806475775,1.4169017598661546
70.3,-2.1788200562800597,0.5505441740513732,0.5505441740513732,1.1473048459593536
70.4,-2.1237656388749224,0.6652746586473086,0.6652746586473086,0.9560820481487364
70.5,-2.0572381730101914,0.7608828634621823,0.7608828634621823,0.8275643824250474
70.6,-1.9811498866639732,0.843639301704687,0.843639301704687,0.7473464431954293
70.7,-1.8967859564935046,0.91837394602423,0.91837394602423,0.7039114317494426
70.8,-1.8049485618910817,0.9887650891991742,0.9887650891991742,0.6887122179859897
70.9,-1.7060720529711642,1.057636310997773,1.057636310997773,0.6956688013463816
71.0,-1.6003084218713868,1.1272031911324112,1.1272031911324112,0.7205336325878118
71.1,-1.4875881027581457,1.1992565543911924,1.1992565543911924,0.7602879540931792
71.2,-1.3676624473190264,1.2752853498005103,1.2752853498005103,0.8125941354853058
71.3,-1.2401339123389754,1.3565447633490408,1.3565447633490408,0.8752694117657146
71.4,-1.1044794360040713,1.4440717045256124,1.4440717045256124,0.9457219296647377
71.5,-0.96007226555151,1.5386438974920862,1.5386438974920862,1.0202803590037255
71.6,-0.8062078758023015,1.6406719333924586,1.6406719333924586,1.0933491398576742
71.7,-0.6421406824630556,1.750006847378226,1.750006847378226,1.1563411203474048
71.8,-0.46713999772523296,1.8656409594129664,1.8656409594129664,1.1964005999262959
71.9,-0.2805759017839363,1.9852810194055959,1.9852810194055959,1.1950729347774465
72.0,-0.08204779984337673,2.1047883128833407,2.1047883128833407,1.1273574056713578
72.1,0.12843103144495735,2.2175240534504765,2.2175240534504765,0.9620424869472027
72.2,0.350183436790005,2.3137283021451966,2.3137283021451966,0.6648162688363723
72.3,0.5815562670045247,2.380209929028834,2.380209929028834,0.20604604458999853
72.4,0.819577259907408,2.400814533487834,2.400814533487834,-0.4254918189881964
72.5,1.0596587132561914,2.358265351589014,2.358265351589014,-1.2045465139407532
72.6,1.295485248415093,2.237810700194939,2.237810700194939,-2.054418639382761
72.7,1.519266318434587,2.032368836256663,2.032368836256663,-2.8486084373955727
72.8,1.7225032020602533,1.7475079925171058,1.7475079925171058,-3.441192412137849
72.9,1.8972540013119639,1.4033887513033207,1.4033887513033207,-3.7213595759226292
73.0,2.037592876442296,1.0312527937110578,1.0312527937110578,-3.6627362805026733
73.1,2.140718155813402,0.6649791656607904,0.6649791656607904,-3.3319200135125726
73.2,2.207216072379481,0.33178716430953314,0.33178716430953314,-2.8495233066376526
73.3,2.240394788810434,0.04683483364576785,0.04683483364576785,-2.334518023592756
73.4,2.245078272175011,-0.18661696871350775,-0.18661696871350775,-1.8680768695634598
73.5,2.22641657530366,-0.3734246556698537,-0.3734246556698537,-1.48760882075524
73.6,2.189074109736675,-0.5221855377453777,-0.5221855377453777,-1.1989984614373914
73.7,2.1368555559621374,-0.6420853838891168,-0.6420853838891168,-0.9919686248910331
73.8,2.072647017573226,-0.7412822463782202,-0.7412822463782202,-0.851063667672338
73.9,1.9985187929354038,-0.826388613145454,-0.826388613145454,-0.7613830719832908
74.0,1.9158799316208583,-0.9025269203437831,-0.9025269203437831,-0.7107375794759452
74.1,1.82562723958648,-0.9736006782913776,-0.9736006782913776,-0.6899635150249475
74.2,1.7282671717573423,-1.0425970297938725,-1.0425970297938725,-0.6924952860510243
74.3,1.624007468777955,-1.111846558398975,-1.111846558398975,-0.7137385476290589
74.4,1.5128228129380576,-1.1832204131618809,-1.1832204131618809,-0.7504544584470499
74.5,1.3945007716218696,-1.2582658590065858,-1.2582658590065858,-0.8002014212139107
74.6,1.268674185721211,-1.338286001127977,-1.338286001127977,-0.8608086492025524
74.7,1.1348455856084132,-1.4243668660482323,-1.4243668660482323,-0.9298261336571993
74.8,0.99240889900359,-1.5173494794139522,-1.5173494794139522,-1.0038835336576533
74.9,0.8406739510621948,-1.6177378327797174,-1.6177378327797174,-1.0778887607011571
75.0,0.678900167784223,-1.7255267088498332,-1.7255267088498332,-1.1440112006050749
75.1,0.5063474968992396,-1.8399278289103407,-1.8399278289103407,-1.190443898640578
75.2,0.3223547140082056,-1.9589722187743985,-1.9589722187743985,-1.2000599126749396
75.3,0.12645749213076574,-2.0789782100418925,-2.0789782100418925,-1.1493236099187556
75.4,-0.08144032887342353,-2.193910571033768,-2.193910571033768,-1.0082393709112731
75.5,-0.30083138597680037,-2.2947345081248955,-2.2947345081248955,-0.7426996791295888
75.6,-0.53030483678929,-2.3690044760378544,-2.3690044760378544,-0.32108786784900256
75.7,-0.7672052843930754,-2.4011132628227547,-2.4011132628227547,0.2733010265090304
75.8,-1.007316610675351,-2.3737831601718518,-2.3737831601718518,1.0247481955058486
75.9,-1.2446949266925362,-2.271308340621267,-2.271308340621267,1.8684705375557207
76.0,-1.471825760754663,-2.084461286865695,-2.084461286865695,2.6873492084798096
76.1,-1.6802718894412325,-1.8157263660177139,-1.8157263660177139,3.3355911983388395
76.2,-1.8618445260430039,-1.4821672461838298,-1.4821672461838298,3.689701373490495
76.3,-2.010061250661387,-1.1131971088347803,-1.1131971088347803,3.7023135679927863
76.4,-2.1213809615448653,-0.7429657520355016,-0.7429657520355016,3.421666567060843
76.5,-2.1956775367484154,-0.4007990953294173,-0.4007990953294173,2.9614041773898077
76.6,-2.235757446281357,-0.10465867759043657,-0.10465867759043657,2.4450021347760775
76.7,-2.246223314040401,0.1398415358871712,0.1398415358871712,1.9633575064863171
76.8,-2.232239160451684,0.3361772865358029,0.3361772865358029,1.5627603034501274
76.9,-2.1986214317981037,0.4924533168808157,0.4924533168808157,1.2546041325092685
77.0,-2.1493761001100222,0.6179137301317426,0.6179137301317426,1.031008596209839
77.1,-2.087584727096848,0.7210145897527265,0.7210145897527265,0.8769976284218319
77.2,-2.0154832681215753,0.8087143525949096,0.8087143525949096,0.7772717197297254
77.3,-1.9346118328620843,0.8864415245678822,0.8864415245678822,0.7189800789552354
77.4,-1.845967680405296,0.9583395324634058,0.9583395324634058,0.6923201434586288
77.5,-1.7501337271589554,1.0275715468092685,1.0275715468092685,0.6902100854326285
77.6,-1.6473765724780285,1.0965925553525313,1.0965925553525313,0.7076792319003984
77.7,-1.5377173169427754,1.167360478542571,1.167360478542571,0.7412421189480517
77.8,-1.4209812690885182,1.2414846904373762,1.2414846904373762,0.788328264320408
77.9,-1.2968328000447806,1.320317516869417,1.320317516869417,0.8467528570240295
78.0,-1.1648010483578388,1.40499280257182,1.40499280257182,0.9141773909559088
78.1,-1.0243017681006568,1.4964105416674107,1.4964105416674107,0.987494474107915
78.2,-0.8746607139339156,1.5951599890782022,1.5951599890782022,1.0620669969533545
78.3,-0.7151447150260954,1.7013666887735377,1.7013666887735377,1.1307614063361484
78.4,-0.5450080461487417,1.8144428294071526,1.8144428294071526,1.18275406348535
78.5,-0.3635637632080264,1.9327182357556876,1.9327182357556876,1.2021908762032096
78.6,-0.17029193963245765,2.0529373233760086,2.0529373233760086,1.1669936827725391
78.7,0.035001792705143225,2.1696366916532623,2.1696366916532623,1.048487514511204
78.8,0.2519654618704695,2.274485443104383,2.274485443104383,0.8130775927668328
78.9,0.4794140061809078,2.355793202381066,2.355793202381066,0.4277574441415921
79.0,0.7149933264190144,2.3985689467952254,2.3985689467952254,-0.12880161295096548
79.1,0.9548502210985369,2.385688785500129,2.385688785500129,-0.8495685162238099
79.2,1.1934190996485499,2.300731933877748,2.300731933877748,-1.6814608803271947
79.3,1.4234922930363247,2.1325858458450284,2.1325858458450284,-2.517861037393552
79.4,1.6367508776208277,1.8807997421056732,1.8807997421056732,-3.215638471767699
79.5,1.8248308518313952,1.5592358949289034,1.5592358949289034,-3.6413466239861707
79.6,1.9807544413242855,1.1951012325302863,1.1951012325302863,-3.727626836017812
79.7,2.100264564577314,0.8223385489285051,0.8223385489285051,-3.5028086987462412
79.8,2.182498419470164,0.47205767905388096,0.47205767905388096,-3.070745598076767
79.9,2.2297041873755523,0.16498311924620424,0.16498311924620424,-2.5573260787010366
80.0,2.2462024993001726,-0.09074948862389942,-0.09074948862389942,-2.0626423439879202
80.1,2.2371275504377826,-0.29701372302269147,-0.29701372302269147,-1.6423962298472812
80.2,2.2074261781355133,-0.46125334600741963,-0.46125334600741963,-1.3142712662447216
80.3,2.1613008435347716,-0.5926804726318918,-0.5926804726318918,-1.0733702451781209
80.4,2.1020327962715823,-0.700017497149704,-0.700017497149704,-0.9055132320916255
80.5,2.032031046556612,-0.7905688203588666,-0.7905688203588666,-0.7951267655969685
80.6,1.9529741645207253,-0.8700814969185634,-0.8700814969185634,-0.7287224759827564
80.7,1.8659660148288688,-0.942953744516839,-0.942953744516839,-0.695840960986505
80.8,1.771670640377185,-1.0125378406154895,-1.0125378406154895,-0.6888541389544294
80.9,1.670416856315636,-1.0814232545109324,-1.0814232545109324,-0.7023848995097361
81.0,1.562274530864543,-1.151661744461906,-1.151661744461906,-0.7326740086926776
81.1,1.4471083564183522,-1.2249291453311737,-1.2249291453311737,-0.7769970286957293
81.2,1.324615441885235,-1.3026288482007466,-1.3026288482007466,-0.8331296247094795
81.3,1.1943525570651603,-1.3859418106716945,-1.3859418106716945,-0.8988156901165438
81.4,1.055758375997991,-1.4758233796833489,-1.4758233796833489,-0.9711746962304308
81.5,0.9081760380296561,-1.5729408493063919,-1.5729408493063919,-1.0459784632729896
81.6,0.7508819530990168,-1.6775386956336908,-1.6775386956336908,-1.1167332575009719
81.7,0.5831280835356477,-1.789212021383788,-1.789212021383788,-1.173533731888318
81.8,0.4042068813972689,-1.90656539457262,-1.90656539457262,-1.2017391982661036
81.9,0.21355034194000688,-2.0267393143992303,-2.0267393143992303,-1.180706544111895
82.0,0.010876410500083838,-2.14480996881042,-2.14480996881042,-1.0831545333577821
82.1,-0.20360458638095816,-2.2531254221461983,-2.2531254221461983,-0.8762566617292431
82.2,-0.42891712859557796,-2.3407510883191227,-2.3407510883191227,-0.5261445399941701
82.3,-0.6629922374274902,-2.3933655423185396,-2.3933655423185396,-0.007678202284534641
82.4,-0.9023287916593442,-2.394133362546993,-2.394133362546993,0.6799105082593613
82.5,-1.1417421279140436,-2.326142311721057,-2.326142311721057,1.494821554838809
82.6,-1.3743563590861494,-2.176660156237176,-2.176660156237176,2.3417244279203233
82.7,-1.592022374709867,-1.9424877134451437,-1.9424877134451437,3.0824303010156644
82.8,-1.7862711460543814,-1.6342446833435773,-1.6342446833435773,3.576393851962921
82.9,-1.9496956143887392,-1.276605298147285,-1.276605298147285,3.7377811160029157
83.0,-2.077356144203468,-0.9028271865469935,-0.9028271865469935,3.5739766308653977
83.1,-2.1676388628581673,-0.5454295234604536,-0.5454295234604536,3.1763175634394143
83.2,-2.2221818152042125,-0.22779776711651212,-0.22779776711651212,2.6707260996118767
83.3,-2.244961591915864,0.039274842844675584,0.039274842844675584,2.1656293049235615
83.4,-2.241034107631396,0.2558377733370317,0.2558377733370317,1.7265144288601195
83.5,-2.215450330297693,0.4284892162230437,0.4284892162230437,1.3781352324160145
83.6,-2.1726014086753884,0.5663027394646452,0.5663027394646452,1.1192225661524737
83.7,-2.115971134728924,0.6782249960798925,0.6782249960798925,0.9367637687083095
83.8,-2.048148635120935,0.7719013729507235,0.7719013729507235,0.8150698345561396
83.9,-1.9709584978258625,0.8534083564063375,0.8534083564063375,0.7400545984127584
84.0,-1.8856176621852287,0.9274138162476133,0.9274138162476133,0.7005896331659793
84.1,-1.7928762805604674,0.9974727795642112,0.9974727795642112,0.6884717470984656
84.2,-1.6931290026040462,1.0663199542740578,1.0663199542740578,0.6978868337792845
84.3,-1.5864970071766404,1.1361086376519862,1.1361086376519862,0.7247740828503032
84.4,-1.4728861434114418,1.2085860459370166,1.2085860459370166,0.7662297549920477
84.5,-1.35202753881774,1.2852090214362213,1.2852090214362213,0.8199648419676079
84.6,-1.2235066366741179,1.3672055056329822,1.3672055056329822,0.8837776088568987
84.7,-1.0867860861108196,1.455583266518672,1.455583266518672,0.9549801123705426
84.8,-0.9412277594589524,1.5510812777557264,1.5510812777557264,1.0297094273518348
84.9,-0.7861196316833798,1.6540522204909098,1.6540522204909098,1.1020567759249444
85.0,-0.6207144096342888,1.7642578980834043,1.7642578980834043,1.162971090681743
85.1,-0.44428861982594836,1.8805550071515786,1.8805550071515786,1.198962511266655
85.2,-0.2562331191107905,2.000451258278244,2.000451258278244,1.190788523146731
85.3,-0.05618799328296609,2.119530110592917,2.119530110592917,1.1126072742966204
85.4,0.15576501777632565,2.230790838022579,2.230790838022579,0.9325678513354125
85.5,0.3788441015785836,2.3240476231561202,2.3240476231561202,0.6164027369582242
85.6,0.6112488638941956,2.385687896851943,2.385687896851943,0.13591855720916435
85.7,0.84981765357939,2.399279752572859,2.399279752572859,-0.516545752734507
85.8,1.0897456288366758,2.3476251772994083,2.3476251772994083,-1.3098889394321986
85.9,1.3245081465666166,2.2166362833561886,2.2166362833561886,-2.160536715775576
86.0,1.5461717749022355,2.000582611778631,2.000582611778631,-2.9372240361135056
86.1,1.7462300360800986,1.7068602081672803,1.7068602081672803,-3.4951808527852277
86.2,1.9169160568968266,1.3573421228887574,1.3573421228887574,-3.73206739651453
86.3,2.0526502691857025,0.9841353832373044,0.9841353832373044,-3.633847366387406
86.4,2.151063807509433,0.6207506465985638,0.6207506465985638,-3.276818539687193
86.5,2.213138872169289,0.2930687926298445,0.2930687926298445,-2.7843275557328178
86.6,2.2424457514322733,0.01463603705656269,0.01463603705656269,-2.271926849728939
86.7,2.2439093551379297,-0.21255664791633122,-0.21255664791633122,-1.81506258743692
86.8,2.2226536903462963,-0.3940629066600232,-0.3940629066600232,-1.4463124411075623
86.9,2.183247399680294,-0.5386941507707794,-0.5386941507707794,-1.1687329992120614
87.0,2.129377984603216,-0.6555674506919855,-0.6555674506919855,-0.9709081561985735
87.1,2.0638212395340174,-0.7526582663118428,-0.7526582663118428,-0.8372298278227561
87.2,1.988555412902833,-0.8363812490941185,-0.8363812490941185,-0.7530728413534551
87.3,1.9049172879934213,-0.911688533229464,-0.911688533229464,-0.7066349632931295
87.4,1.8137484346704749,-0.9823520295587769,-0.9823520295587769,-0.6891108748783508
87.5,1.7155132317145971,-1.051263117046612,-1.051263117046612,-0.694218657269196
87.6,1.6103869200099359,-1.1206849827735317,-1.1206849827735317,-0.7175674347199016
87.7,1.4983184217325827,-1.1924417262455218,-1.1924417262455218,-0.7560484330301599
87.8,1.3790742491080306,-1.268046569548538,-1.268046569548538,-0.807283022425987
87.9,1.2522695921531768,-1.3487748717911365,-1.3487748717911365,-0.8690967245777275
88.0,1.1173921049740632,-1.4356845442489092,-1.4356845442489092,-0.9389615571482772
88.1,0.9738236505491722,-1.529580699963737,-1.529580699963737,-1.0133384541451362
88.2,0.8208655805527985,-1.6309145453782505,-1.6309145453782505,-1.086851188031674
88.3,0.6577741260149734,-1.739599664181418,-1.739599664181418,-1.151240447370986
88.4,0.4838141595968316,-1.8547237089185167,-1.8547237089185167,-1.1941027298291915
88.5,0.29834178870497996,-1.9741339819014359,-1.9741339819014359,-1.1975520957468744
88.6,0.10092839051483637,-2.0938891914761233,-2.0938891914761233,-1.1372082432381538
88.7,-0.10846052863277597,-2.2076100157999385,-2.2076100157999385,-0.9823596634495668
88.8,-0.32922153021276984,-2.3058459821448953,-2.3058459821448953,-0.698739808815285
88.9,-0.5598061284272594,-2.3757199630264236,-2.3757199630264236,-0.2557988455930311
89.0,-0.7973781247299018,-2.401299847585727,-2.401299847585727,0.3601156787589344
89.1,-1.0375081094884744,-2.365288279709833,-2.365288279709833,1.127889413953009
89.2,-1.2740369374594578,-2.252499338314532,-2.252499338314532,1.9758820766981247
89.3,-1.499286871290911,-2.0549111306447196,-2.0549111306447196,2.781408726276181
89.4,-1.704777984355383,-1.7767702580171014,-1.7767702580171014,3.398278106088198
89.5,-1.8824550101570932,-1.4369424474082817,-1.4369424474082817,3.7099849014033914
89.6,-2.026149254897921,-1.0659439572679426,-1.0659439572679426,3.681176908752688
89.7,-2.1327436506247155,-0.6978262663926738,-0.6978262663926738,3.3708952177466704
89.8,-2.202526277263983,-0.3607367446180067,-0.3607367446180067,2.8971468843350285
89.9,-2.2385999517257837,-0.07102205618450386,-0.07102205618450386,2.381046394947519
90.0,-2.245702157344234,0.16708258331024806,0.16708258331024806,1.9079298298369456
90.1,-2.228993899013209,0.3578755662939426,0.3578755662939426,1.5188947307024536
90.2,-2.193206342383815,0.5097650393641879,0.5097650393641879,1.2220646751245758
90.3,-2.1422298384473963,0.6319715068766455,0.6319715068766455,1.0081099883633882
90.4,-2.0790326877597316,0.7327825057129843,0.7327825057129843,0.8617428467616164
90.5,-2.005754437188433,0.8189567903891459,0.8189567903891459,0.7678804215018136
90.6,-1.9238587581495183,0.8957448325393274,0.8957448325393274,0.7140512219248367
90.7,-1.8342842748955857,0.967149954731811,0.967149954731811,0.6908234631600738
90.8,-1.7375692794224045,1.0362323010478183,1.0362323010478183,0.6914166080299011
90.9,-1.6339460493176226,1.1053739618508085,1.1053739618508085,0.7110805524910078
91.0,-1.5234086531325417,1.1764820170999093,1.1764820170999093,0.7464752677540011
91.1,-1.4057604514225508,1.2511295438753094,1.2511295438753094,0.7951076130261814
91.2,-1.28064749703502,1.3306403051779276,1.3306403051779276,0.8548040030502284
91.3,-1.147583466517227,1.4161207054829505,1.4161207054829505,0.9231652865102541
91.4,-1.005971395968932,1.508437234133976,1.508437234133976,0.9969370263466415
91.5,-0.8551276725555345,1.60813093676864,1.60813093676864,1.0712256251784003
91.6,-0.6943145788786704,1.71525349928648,1.71525349928648,1.1385028561895325
91.7,-0.5227892289500224,1.8291037849054332,1.8291037849054332,1.1873862442551006
91.8,-0.3398788504594791,1.9478424093309432,1.9478424093309432,1.2012949828435602
91.9,-0.14509460952638475,2.0679719076152994,2.0679719076152994,1.1573126301728593
92.0,0.06170258123514519,2.1837031706325853,2.1837031706325853,1.0259920974108583
92.1,0.28007289829840376,2.2863023803736713,2.2863023803736713,0.7734085655880072
92.2,0.5087031363357709,2.363643236932472,2.363643236932472,0.3672880062592503
92.3,0.7450674600290181,2.4003720375583972,2.4003720375583972,-0.2111353290142619
92.4,0.9851046637848578,2.379258504656971,2.379258504656971,-0.949928752695829
92.5,1.2230305142505549,2.284265629387388,2.284265629387388,-1.7893041197548423
92.6,1.4514570771892936,2.1053352174119038,2.1053352174119038,-2.6164734227643742
92.7,1.661990598930484,1.8436878751354664,1.8436878751354664,-3.2864757400829125
92.8,1.8463593864440306,1.5150403011271751,1.5150403011271751,-3.671257990329671
92.9,1.9978634165567482,1.147914502094208,1.147914502094208,-3.7148325595676024
93.0,2.112654866766169,0.7764312461374479,0.7764312461374479,-3.457166143818144
93.1,2.190297991379914,0.4307146317556334,0.4307146317556334,-3.008097002159129
93.2,2.2333694545554774,0.1299049315397205,0.1299049315397205,-2.4923959337747315
93.3,2.2463599477094496,-0.11933466183775265,-0.11933466183775265,-2.004937990181153
93.4,2.2344264815256745,-0.31982846085586797,-0.31982846085586797,-1.5959430581962901
93.5,2.202443635440088,-0.479422766675497,-0.479422766675497,-1.2793731162020134
93.6,2.154501358772538,-0.6073600782956984,-0.6073600782956984,-1.0485362806488816
93.7,2.0937653509429683,-0.7122137063605866,-0.7122137063605866,-0.8887519846993073
93.8,2.0225439803069096,-0.8010889048305173,-0.8010889048305173,-0.7845875889451146
93.9,1.9424350898238578,-0.8795476637250288,-0.8795476637250288,-0.7229184719010984
94.0,1.854480323451355,-0.9518395109151386,-0.9518395109151386,-0.6936657471432524
94.1,1.7592963723598412,-1.0212060856294638,-1.0212060856294638,-0.6895198228937907
94.2,1.6571757637968947,-1.090158067918843,-1.090158067918843,-0.7053415781033031
94.3,1.5481599570050104,-1.1606922257291732,-1.1606922257291732,-0.737532940379706
94.4,1.432090734432093,-1.2344455197671438,-1.2344455197671438,-0.7834612908574604
94.5,1.3086461824553786,-1.31279164885289,-1.31279164885289,-0.8409281668072411
94.6,1.1773670175700897,-1.3968844655336141,-1.3968844655336141,-0.9076334506743832
94.7,1.0376785710167282,-1.4876478106010524,-1.4876478106010524,-0.9805701393471945
94.8,0.888913789956623,-1.5857048245357719,-1.5857048245357719,-1.0552798145889628
94.9,0.7303433075030458,-1.6912328059946682,-1.6912328059946682,-1.1249067822531786
95.0,0.561220026903579,-1.803723484219986,-1.803723484219986,-1.1790242532383335
95.1,0.38084767848158035,-1.9216259095438195,-1.9216259095438195,-1.202299562229211
95.2,0.1886850875271984,-2.0418558657667405,-2.0418558657667405,-1.173265880586037
95.3,-0.015500499049475674,-2.1591824538253443,-2.1591824538253443,-1.0638313393688095
95.4,-0.23141874443201013,-2.265565587762225,-2.265565587762225,-0.840698280077584
95.5,-0.45797530320823265,-2.3496354157699835,-2.3496354157699835,-0.4704345193165328
95.6,-0.692938844785231,-2.396678867701637,-2.396678867701637,0.06999915758183184
95.7,-0.9326067315553948,-2.389678951943454,-2.389678951943454,0.7769852412689842
95.8,-1.1715746267497402,-2.311980427816555,-2.311980427816555,1.6022816751647708
95.9,-1.4027726695313958,-2.151752260300078,-2.151752260300078,2.4439745625881555
96.0,-1.6179478955614037,-1.9073548040412625,-1.9073548040412625,3.1607646556255915
96.1,-1.80868337596553,-1.5912783384787033,-1.5912783384787033,3.615846909606992
96.2,-1.9678112098134004,-1.229693647518004,-1.229693647518004,3.7338240334556216
96.3,-2.090780574565201,-0.8563112441724419,-0.8563112441724419,3.5342487730717203
96.4,-2.176411698982445,-0.5028863668652699,-0.5028863668652699,3.115996511350381
96.5,-2.2267003356689723,-0.19128671573023176,-0.19128671573023176,2.6052753377206246
96.6,-2.2458290072419955,0.06924081804183069,0.06924081804183069,2.1058327999358935
96.7,-2.2389049254378124,0.2798240980354201,0.2798240980354201,1.6774805088070552
96.8,-2.2109225156342704,0.4475721489161256,0.4475721489161256,1.3408023413882109
96.9,-2.166165300742658,0.5816523830549467,0.5816523830549467,1.0923558648670892
97.0,-2.108000062437163,0.6908879695416557,0.6908879695416557,0.9184069571323388
97.1,-2.0389112654829975,0.7827286652548895,0.7827286652548895,0.8033117823263884
97.2,-1.9606383989575085,0.8630598434875283,0.8630598434875283,0.7333228835104897
97.3,-1.8743324146087557,0.9363921318385773,0.9363921318385773,0.6976985808214069
97.4,-1.780693201424898,1.006161989920718,1.006161989920718,0.6885706284015805
97.5,-1.6800770024328262,1.075019052760876,1.075019052760876,0.7003805695115933
97.6,-1.5725750971567387,1.1450571097120354,1.1450571097120354,0.7292448663467241
97.7,-1.4580693861855352,1.2179815963467078,1.2179815963467078,0.7723662491592973
97.8,-1.3362712265508643,1.2952182212626375,1.2952182212626375,0.8274960448576222
97.9,-1.2067494044246005,1.3779678257483998,1.3779678257483998,0.892404541901717
98.0,-1.0689526218497605,1.4672082799385715,1.4672082799385715,0.9642968696305996
98.1,-0.9222317938559033,1.5636379669016314,1.5636379669016314,1.039104755349994
98.2,-0.76586799716574,1.6675484424366307,1.6675484424366307,1.110588789689007
98.3,-0.599113152922077,1.7786073214055313,1.7786073214055313,1.1692132079599848
98.4,-0.42125242078152386,1.8955286422015298,1.8955286422015298,1.200832549242326
98.5,-0.23169955656137087,2.0156118971257624,2.0156118971257624,1.1854017607276108
98.6,-0.030138366848794618,2.1341520731985235,2.1341520731985235,1.0962451557086192
98.7,0.18327684047105774,2.2437765887693852,2.2437765887693852,0.9009267770660375
98.8,0.40765449934799625,2.333869266475989,2.333869266475989,0.5653563799729937
98.9,0.6410414259955951,2.390404904473288,2.390404904473288,0.06301157044965111
99.0,0.8800819164429239,2.396706061518253,2.396706061518253,-0.609906250824036
99.1,1.1197525225947493,2.3357154364358497,2.3357154364358497,-1.4162081964238258
99.2,1.3533240662383343,2.194094616793467,2.194094616793467,-2.2655035755103037
99.3,1.572733527917681,1.9675442592424368,1.9675442592424368,-3.0223126608613975
99.4,1.7694879538419248,1.665312993156297,1.665312993156297,-3.5439519044060757
99.5,1.9360192531575544,1.3109178027156896,1.3109178027156896,-3.737332101684756
99.6,2.067111033429123,0.937184592547214,0.937184592547214,-3.6007892638251855
99.7,2.1608294926838445,0.5771056661646954,0.5771056661646954,-3.2195829588158555
99.8,2.218540059300314,0.2551473702831098,0.2551473702831098,-2.7188738458571224
99.9,2.244054796328625,-0.01674001430260247,-0.01674001430260247,-2.210275272722426
